{"version": "1", "message": "ERROR: Hidden Testcases server unreachable.", "problem_id": "ads2_m4_a1_1", "user_id": "riteshmsit", "score": {"sample": {"0": {"execution_time": 0.21300387382507324, "passed": false}, "1": {"execution_time": 0.1792905330657959, "passed": false}, "2": {"execution_time": 0.21303677558898926, "passed": false}, "3": {"execution_time": 0.1998605728149414, "passed": false}, "4": {"execution_time": 0.21141505241394043, "passed": false}, "5": {"execution_time": 0.19019484519958496, "passed": false}, "6": {"execution_time": 0.1779017448425293, "passed": false}, "7": {"execution_time": 0.20721197128295898, "passed": false}, "8": {"execution_time": 0.21126866340637207, "passed": false}, "9": {"execution_time": 0.19799089431762695, "passed": false}, "10": {"execution_time": 0.1671280860900879, "passed": false}, "11": {"execution_time": 0.21100211143493652, "passed": false}, "12": {"execution_time": 0.23439645767211914, "passed": false}, "13": {"execution_time": 0.23535609245300293, "passed": false}, "14": {"execution_time": 0.18007159233093262, "passed": false}}}, "check_style_score": "0/1"}