{"check_style_score": "0/1", "message": "ERROR: Hidden Testcases server unreachable.", "version": "1", "user_id": "gangadharsingh", "problem_id": "ads2_m4_a1_1", "score": {"sample": {"0": {"passed": true, "execution_time": 0.20352673530578613}, "1": {"passed": true, "execution_time": 0.19318604469299316}, "2": {"passed": true, "execution_time": 0.24713516235351562}, "3": {"passed": true, "execution_time": 0.2532463073730469}, "4": {"passed": true, "execution_time": 0.17748761177062988}, "5": {"passed": true, "execution_time": 0.20723748207092285}, "6": {"passed": true, "execution_time": 0.19965457916259766}, "7": {"passed": true, "execution_time": 0.1720132827758789}, "8": {"passed": true, "execution_time": 0.261474609375}, "9": {"passed": true, "execution_time": 0.14626026153564453}, "10": {"passed": true, "execution_time": 0.1544482707977295}, "11": {"passed": true, "execution_time": 0.14549875259399414}, "12": {"passed": true, "execution_time": 0.14525461196899414}, "13": {"passed": true, "execution_time": 1.2901523113250732}, "14": {"passed": true, "execution_time": 0.22428107261657715}}}}