{"version": "1", "message": "ERROR: Hidden Testcases server unreachable.", "problem_id": "ads2_m4_a1_1", "user_id": "riteshmsit", "score": {"sample": {"0": {"execution_time": 0.1705949306488037, "passed": false}, "1": {"execution_time": 0.2215876579284668, "passed": false}, "2": {"execution_time": 0.20400691032409668, "passed": false}, "3": {"execution_time": 0.19119524955749512, "passed": false}, "4": {"execution_time": 0.2174232006072998, "passed": false}, "5": {"execution_time": 0.20080184936523438, "passed": false}, "6": {"execution_time": 0.20952725410461426, "passed": false}, "7": {"execution_time": 0.20526909828186035, "passed": false}, "8": {"execution_time": 0.18503117561340332, "passed": false}, "9": {"execution_time": 0.19341325759887695, "passed": false}, "10": {"execution_time": 0.2171461582183838, "passed": false}, "11": {"execution_time": 0.17876243591308594, "passed": false}, "12": {"execution_time": 0.2013838291168213, "passed": false}, "13": {"execution_time": 0.1712048053741455, "passed": false}, "14": {"execution_time": 0.2136240005493164, "passed": false}}}, "check_style_score": "0/1"}