{"version": "1", "message": "ERROR: Hidden Testcases server unreachable.", "problem_id": "ads2_m4_a1_1", "user_id": "riteshmsit", "score": {"sample": {"0": {"execution_time": 1.682398796081543, "passed": true}, "1": {"execution_time": 1.7852275371551514, "passed": true}, "2": {"execution_time": 14.552558183670044, "passed": false}, "3": {"execution_time": 3.582794427871704, "passed": true}, "4": {"execution_time": 0.2781345844268799, "passed": true}, "5": {"execution_time": 0.4601607322692871, "passed": true}, "6": {"execution_time": 0.31900882720947266, "passed": true}, "7": {"execution_time": 0.25490903854370117, "passed": true}, "8": {"execution_time": 0.38536620140075684, "passed": true}, "9": {"execution_time": 0.2513768672943115, "passed": true}, "10": {"execution_time": 0.37063074111938477, "passed": true}, "11": {"execution_time": 0.33577775955200195, "passed": true}, "12": {"execution_time": 0.29235267639160156, "passed": true}, "13": {"execution_time": 2.532593011856079, "passed": true}, "14": {"execution_time": 0.3107428550720215, "passed": true}}}, "check_style_score": "0/1"}