{"version": "1", "message": "ERROR: Hidden Testcases server unreachable.", "problem_id": "ads2_m4_a1_1", "user_id": "riteshmsit", "score": {"sample": {"0": {"execution_time": 0.3614203929901123, "passed": false}, "1": {"execution_time": 0.38265204429626465, "passed": false}, "2": {"execution_time": 0.413161039352417, "passed": false}, "3": {"execution_time": 0.42567896842956543, "passed": false}, "4": {"execution_time": 0.33451342582702637, "passed": false}, "5": {"execution_time": 0.2662816047668457, "passed": false}, "6": {"execution_time": 0.6375241279602051, "passed": false}, "7": {"execution_time": 0.2714829444885254, "passed": false}, "8": {"execution_time": 0.30131006240844727, "passed": false}, "9": {"execution_time": 0.44859957695007324, "passed": true}, "10": {"execution_time": 0.6010220050811768, "passed": true}, "11": {"execution_time": 0.303239107131958, "passed": true}, "12": {"execution_time": 0.39702510833740234, "passed": true}, "13": {"execution_time": 1.40498948097229, "passed": false}, "14": {"execution_time": 0.45157432556152344, "passed": true}}}, "check_style_score": "1/1"}