{"version": "1", "message": "ERROR: Hidden Testcases server unreachable.", "problem_id": "ads2_m4_a1_1", "user_id": "riteshmsit", "score": {"sample": {"0": {"execution_time": 0.3933827877044678, "passed": false}, "1": {"execution_time": 0.2869541645050049, "passed": false}, "2": {"execution_time": 0.29279160499572754, "passed": false}, "3": {"execution_time": 0.3628098964691162, "passed": false}, "4": {"execution_time": 0.28789687156677246, "passed": false}, "5": {"execution_time": 0.30757856369018555, "passed": false}, "6": {"execution_time": 0.24219179153442383, "passed": false}, "7": {"execution_time": 0.29860520362854004, "passed": false}, "8": {"execution_time": 0.28564906120300293, "passed": false}, "9": {"execution_time": 0.2902848720550537, "passed": true}, "10": {"execution_time": 0.233046293258667, "passed": true}, "11": {"execution_time": 0.6791551113128662, "passed": true}, "12": {"execution_time": 0.30701398849487305, "passed": true}, "13": {"execution_time": 1.2488927841186523, "passed": false}, "14": {"execution_time": 0.5085046291351318, "passed": true}}}, "check_style_score": "1/1"}