{"version": "1", "message": "ERROR: Hidden Testcases server unreachable.", "problem_id": "ads2_m2_a1_1", "user_id": "riteshmsit", "score": {"sample": {"0": {"execution_time": 0.18599700927734375, "passed": true}, "1": {"execution_time": 0.2110440731048584, "passed": true}, "2": {"execution_time": 0.2025923728942871, "passed": true}, "3": {"execution_time": 0.19908881187438965, "passed": true}, "4": {"execution_time": 0.16519951820373535, "passed": true}, "5": {"execution_time": 0.20004558563232422, "passed": true}, "6": {"execution_time": 0.15201830863952637, "passed": true}, "7": {"execution_time": 0.1999802589416504, "passed": true}, "8": {"execution_time": 0.19275259971618652, "passed": true}, "9": {"execution_time": 1.2122690677642822, "passed": true}, "10": {"execution_time": 0.19051623344421387, "passed": true}, "11": {"execution_time": 0.18066167831420898, "passed": true}, "12": {"execution_time": 0.19300031661987305, "passed": true}, "13": {"execution_time": 0.19660711288452148, "passed": true}, "14": {"execution_time": 0.29926061630249023, "passed": true}, "15": {"execution_time": 0.24148774147033691, "passed": true}, "16": {"execution_time": 0.15772676467895508, "passed": true}, "17": {"execution_time": 0.231827974319458, "passed": true}, "18": {"execution_time": 0.21464228630065918, "passed": true}, "19": {"execution_time": 0.2941594123840332, "passed": true}, "20": {"execution_time": 0.2006089687347412, "passed": true}, "21": {"execution_time": 0.18499135971069336, "passed": true}, "22": {"execution_time": 0.2570679187774658, "passed": true}, "23": {"execution_time": 0.24143266677856445, "passed": true}}}, "check_style_score": "1/1"}