{"version": "1", "message": "ERROR: Hidden Testcases server unreachable.", "problem_id": "ads2_m2_a1_1", "user_id": "riteshmsit", "score": {"sample": {"0": {"execution_time": 0.22167038917541504, "passed": true}, "1": {"execution_time": 0.15447378158569336, "passed": true}, "2": {"execution_time": 0.1482245922088623, "passed": true}, "3": {"execution_time": 0.17803215980529785, "passed": true}, "4": {"execution_time": 0.17479825019836426, "passed": true}, "5": {"execution_time": 0.16205692291259766, "passed": true}, "6": {"execution_time": 0.16882610321044922, "passed": true}, "7": {"execution_time": 0.19367122650146484, "passed": true}, "8": {"execution_time": 0.17806482315063477, "passed": true}, "9": {"execution_time": 0.20211267471313477, "passed": true}, "10": {"execution_time": 0.17641425132751465, "passed": true}, "11": {"execution_time": 0.1923048496246338, "passed": true}, "12": {"execution_time": 0.17744064331054688, "passed": true}, "13": {"execution_time": 0.16200852394104004, "passed": true}, "14": {"execution_time": 0.14898276329040527, "passed": true}, "15": {"execution_time": 0.20850753784179688, "passed": true}, "16": {"execution_time": 0.18099188804626465, "passed": true}, "17": {"execution_time": 0.32727575302124023, "passed": true}, "18": {"execution_time": 0.1785128116607666, "passed": true}, "19": {"execution_time": 0.225785493850708, "passed": true}, "20": {"execution_time": 0.21828484535217285, "passed": true}, "21": {"execution_time": 0.19424080848693848, "passed": true}, "22": {"execution_time": 0.24942684173583984, "passed": true}, "23": {"execution_time": 0.21201324462890625, "passed": true}}}, "check_style_score": "1/1"}