{"version": "1", "message": "ERROR: Hidden Testcases server unreachable.", "problem_id": "ads2_m2_a1_1", "user_id": "riteshmsit", "score": {"sample": {"0": {"execution_time": 0.22236943244934082, "passed": true}, "1": {"execution_time": 0.15168380737304688, "passed": true}, "2": {"execution_time": 0.1821284294128418, "passed": true}, "3": {"execution_time": 0.19599246978759766, "passed": true}, "4": {"execution_time": 0.220930814743042, "passed": true}, "5": {"execution_time": 0.19175148010253906, "passed": true}, "6": {"execution_time": 0.22176742553710938, "passed": true}, "7": {"execution_time": 0.15958237648010254, "passed": true}, "8": {"execution_time": 0.18045711517333984, "passed": true}, "9": {"execution_time": 0.1845531463623047, "passed": true}, "10": {"execution_time": 0.20650053024291992, "passed": true}, "11": {"execution_time": 0.2065739631652832, "passed": true}, "12": {"execution_time": 0.21985602378845215, "passed": true}, "13": {"execution_time": 0.18014216423034668, "passed": true}, "14": {"execution_time": 0.1690225601196289, "passed": true}, "15": {"execution_time": 0.2666740417480469, "passed": true}, "16": {"execution_time": 0.22330713272094727, "passed": true}, "17": {"execution_time": 0.20509123802185059, "passed": true}, "18": {"execution_time": 0.2416224479675293, "passed": true}, "19": {"execution_time": 0.30381011962890625, "passed": true}, "20": {"execution_time": 0.22539496421813965, "passed": true}, "21": {"execution_time": 0.1566309928894043, "passed": true}, "22": {"execution_time": 0.2645695209503174, "passed": true}, "23": {"execution_time": 0.2371537685394287, "passed": true}}}, "check_style_score": "1/1"}